{"kp": 1.4, "ki": 0.67698259187, "kd": 1.1309375}
